-2.543456254,-10.81635752,0
9.434466063,-2.572000009,0
3.368645661,-10.19467054,0
1.34140667,-4.204140186,0
9.54775752,-2.220579879,0
-3.533291251,6.424350619,0
0.354240437,7.932590625,0
3.447912683,-0.636150421,0
9.242952206,1.407495982,0
6.475267145,5.97466035,0
5.306609147,6.871275241,0
9.62058317,-0.561772407,0
-0.337100759,7.914559312,0
1.396652613,-4.082767552,0
4.052507761,-9.714115654,0
-3.265609318,6.644257841,0
3.017312291,-10.18642048,0
-6.322364101,1.390783576,0
-2.334127311,7.249693999,0
-4.96582281,-2.803638347,0
7.203553674,5.145630625,0
4.191258697,7.342170695,0
-0.010652836,-4.678732395,0
-0.86363503,-4.700504136,0
4.778117898,-9.353491172,0
2.887803086,0.726960392,0
-5.56376462,-1.704965882,0
2.34207454,1.401275762,0
-2.795551514,6.977163455,0
-0.670543666,-10.9760073,0
9.436782554,-2.441491919,0
-0.230148554,7.81906617,0
-5.809649147,3.424270775,0
-1.169098768,-4.661097234,0
1.811881084,-10.59914905,0
-0.714613973,-4.713698044,0
6.304008401,6.10382949,0
-5.256512341,4.70600843,0
2.207205821,7.996662719,0
9.163894188,-3.785968182,0
-5.549869959,4.098637822,0
-3.928223775,-3.6247921,0
-5.926332534,-0.887384416,0
4.074994937,-9.697754048,0
1.995604998,-10.58174248,0
9.016077762,2.019355478,0
-4.406514684,5.732137217,0
7.341434324,5.101745721,0
-0.880480694,-10.97418148,0
-4.2943591,-3.338169008,0
-5.325955321,4.493753379,0
0.106767925,-4.609760461,0
9.566695145,-1.453297998,0
3.408441103,-1.039982237,0
4.315009371,7.426976988,0
9.034748845,1.947637643,0
8.496621365,3.342065505,0
-6.081141843,2.413820257,0
-0.663774442,7.748372402,0
8.595164022,-5.200880136,0
3.440622209,-0.410156562,0
8.957361571,-4.399018928,0
8.296330455,3.833696216,0
7.197286497,-7.24221162,0
3.535644968,7.624332582,0
-0.762871768,7.780604041,0
2.152378696,1.511263659,0
9.513141867,0.927586462,0
-6.053559279,2.474707435,0
3.001567109,-2.441897297,0
9.421918822,1.314029034,0
9.55456526,-0.138762159,0
1.809484103,-10.59769235,0
8.798842175,-4.545831437,0
-3.766468855,6.323632965,0
0.5615668,-10.79403291,0
9.506833767,-0.839882994,0
-2.142904561,-10.86712608,0
4.480867913,-9.378581314,0
8.588463539,3.404780395,0
5.787899545,-8.725428629,0
4.580001116,-9.455147105,0
3.492726328,-9.969172415,0
4.241863384,7.472791039,0
2.054095292,-10.48908291,0
4.394721221,-9.538313711,0
6.256795639,6.038553743,0
9.340377371,1.586724538,0
-6.119051553,2.007193569,0
-6.314807071,1.278609495,0
7.888205904,4.343994908,0
-2.914176754,-4.252244743,0
8.099049475,-6.016354686,0
7.606111213,4.687507571,0
-3.547465087,6.529577103,0
-0.283145583,-10.85714986,0
5.080999294,-9.206672625,0
-2.255862309,7.20077743,0
2.148514982,-3.591816644,0
0.092669093,7.992755455,0
-3.723011887,6.362152709,0
9.133415945,2.201853156,0
-3.649256723,-3.870407759,0
7.824292076,4.472143973,0
9.106633676,1.779694669,0
-4.285734669,-3.40290967,0
-0.274904824,-11.01715408,0
1.046379472,8.099460317,0
6.828850103,5.739489772,0
-4.70978034,5.40886636,0
-3.658749848,-10.64197396,0
-1.044292504,-10.98899512,0
8.191243219,-6.028858907,0
-6.333955888,0.556747206,0
2.642907717,7.907863917,0
-3.580888483,6.359425493,0
9.292015634,1.507492925,0
9.588771061,-0.65671682,0
5.006722138,6.99490255,0
8.498399537,3.473538961,0
-4.962386452,5.045676169,0
-1.67013374,7.530277213,0
-3.026159353,-10.77935665,0
6.608200362,5.790446425,0
1.512138578,-10.66382263,0
-0.211409019,-4.665650227,0
2.267072927,-10.49003301,0
1.425185281,8.009658176,0
2.398584138,1.314517802,0
0.360183232,-4.554904676,0
2.690426609,-2.9815061,0
5.619753104,6.589161443,0
5.502070387,-8.768994376,0
-6.026608277,-0.782081087,0
-2.122317594,-10.8046006,0
1.620165396,-3.893976293,0
-5.400490169,4.42895702,0
2.459020544,1.205781778,0
-1.423834956,-10.92301207,0
3.702016954,7.629110484,0
7.501352624,-6.798684409,0
1.775244775,8.016298595,0
2.577548239,-10.42994485,0
9.626086397,-0.12847215,0
-3.982057865,-3.752072756,0
-4.26748177,5.718910453,0
-0.294844108,-10.84287367,0
3.364387635,-0.738696814,0
4.06180255,7.546631407,0
-5.858245747,2.967554255,0
9.562682647,-2.299630414,0
8.698964046,-4.887386337,0
3.39351765,-0.953784813,0
-6.050754722,2.595751025,0
3.130564839,0.53366077,0
5.94652962,-8.366785516,0
-5.861634524,-1.273008944,0
1.128770432,1.830548943,0
4.941484699,-9.103216399,0
9.65988651,-0.900031565,0
-2.567604374,-4.416252714,0
-5.523560349,-1.756289176,0
4.070295358,7.438591646,0
-0.625033139,-10.88787922,0
9.300387025,-2.983195197,0
8.278968831,3.785707976,0
7.855805742,-6.372320132,0
4.288833337,7.264864214,0
-3.624454347,6.471811223,0
9.530892322,-0.146777963,0
-5.675051847,4.026707822,0
-5.514614785,4.148565022,0
-1.705782629,-11.00341285,0
0.967843252,-10.82455792,0
2.933384734,-10.24434651,0
-0.060340564,8.008313381,0
7.358774015,5.162703531,0
9.45071898,-0.013437686,0
-2.552556664,-4.424497856,0
1.634277609,-10.61567404,0
9.373773857,-2.547193695,0
6.678250677,5.785809475,0
4.981607027,-9.220652027,0
-4.147278987,-10.46144882,0
-4.209256775,-10.35910304,0
6.14450707,-8.357560792,0
9.590835801,-1.155275469,0
8.584377788,-5.107790131,0
-2.013887729,7.395073726,0
9.528524422,-0.052507503,0
-3.253975048,-10.71335642,0
9.492367435,-0.778649486,0
-0.707432916,-4.70876313,0
-5.655415287,-1.429670667,0
-6.217997438,1.305729938,0
2.042869595,1.721975674,0
-0.551244467,-10.94352097,0
-6.043235835,-0.655840168,0
4.125639313,7.420428661,0
8.818417517,2.647287438,0
-2.412535683,-4.509181845,0
0.81828076,8.101686985,0
-5.633576649,3.993784742,0
1.882510673,-10.65684049,0
6.957273656,5.555661737,0
-1.221905049,-10.8421627,0
9.30677923,-3.364672411,0
-5.258830766,4.448946057,0
3.327257161,-0.636035417,0
5.568837922,-8.893639517,0
-4.507252081,5.651558554,0
9.008633176,2.189310081,0
-1.22157218,7.662162097,0
-6.304170808,0.510600194,0
5.239464036,6.849071281,0
-1.827018179,-10.91345675,0
6.656973993,-7.794081415,0
2.187715942,7.886253425,0
2.283783988,-10.44771276,0
9.604302109,-0.923262905,0
1.661224514,-3.998460629,0
-5.717922702,3.405797293,0
-4.527940751,5.507713617,0
1.319644991,7.955956843,0
2.120033881,-3.712950074,0
0.964840665,8.057134245,0
7.120575047,5.450356006,0
-0.711935552,7.796139611,0
4.398429735,-9.507383277,0
-3.75867911,6.290696406,0
-1.793951873,-4.627509244,0
3.518955119,-9.957679039,0
-2.875113855,-4.401033256,0
5.394616514,-8.847424837,0
-0.400559522,-10.83160665,0
-5.857370337,-0.945013015,0
-3.556318465,6.555200917,0
1.809756458,-3.923172813,0
9.58275507,-1.646093114,0
5.252290171,-9.100865101,0
-5.127725149,4.881363095,0
9.242685443,1.142104353,0
8.94016438,2.554272906,0
2.432869008,-10.31910691,0
3.115898678,-10.2576649,0
-1.389091199,7.501358109,0
-2.96770775,-10.84335294,0
5.232008592,-8.922255363,0
6.28697412,6.147595373,0
-1.919476166,7.375191312,0
-1.225213948,-10.93955871,0
5.205364164,6.930209704,0
9.572476903,-0.098751754,0
0.609364165,-10.84200084,0
7.525463296,-6.799092966,0
-4.370055787,-3.253855282,0
-1.696159756,-4.575860993,0
-1.235258561,-4.684537069,0
8.409241144,3.51613071,0
3.418433285,-0.989370165,0
-5.92948731,-1.116938455,0
-2.433146468,7.216259836,0
-0.835102938,-10.99479321,0
1.345683775,8.089606727,0
-4.868146436,5.184338916,0
-5.932122389,-0.519933866,0
-3.383868057,-10.71240017,0
8.968699898,-4.076721627,0
4.862770477,7.013006186,0
-6.231041175,1.462945406,0
0.055843652,7.921545078,0
8.558697611,3.561348771,0
-5.919471779,3.412207066,0
-3.485280305,-3.924984069,0
-5.409684596,-10.00645414,0
0.668024001,-4.461343174,0
-4.45597602,-3.163990623,0
2.389346994,-3.45920226,0
-6.233532954,2.107341952,0
-1.850412899,-4.51492603,0
9.322739704,1.237004564,0
-4.554486445,-3.168500047,0
8.000193195,-6.224744745,0
-0.321949084,-10.96019742,0
5.130680864,-9.083965778,0
-0.568255877,7.737057613,0
3.242062474,0.288171931,0
7.156540441,-7.227343066,0
-1.13882974,-10.83921544,0
6.647639604,-7.853313794,0
-4.469968337,5.704813343,0
2.400364795,1.457104988,0
-6.310486913,1.269442601,0
3.911426022,-9.699053861,0
3.69545764,7.486326779,0
0.595803036,-4.461409049,0
3.52170381,-9.977599134,0
2.703336367,7.941851002,0
-4.085344942,5.969435599,0
2.876905698,-10.36596936,0
-0.739739745,-4.789571631,0
3.873826267,7.416068248,0
-5.994132214,-0.728400485,0
9.210534437,1.771899293,0
8.520139163,3.456486534,0
-6.07689595,2.184716587,0
-1.564252134,7.439333564,0
6.520838168,6.041167046,0
4.301672298,-9.638410235,0
9.584710451,-0.988111196,0
0.336984264,7.903639287,0
1.906376771,-10.52463297,0
8.580271735,3.301049992,0
0.940204909,-4.32540916,0
-4.499905588,-3.199958531,0
-4.660019719,5.336695149,0
9.576434211,0.191866093,0
0.981421564,-4.378879881,0
-3.86784075,-3.801435114,0
6.867879896,5.694196611,0
-4.967218771,-2.558926115,0
0.283116833,-4.562152588,0
5.858027019,6.346015288,0
2.540469134,-10.26334327,0
3.317957979,-1.210542609,0
8.837533901,-4.563013195,0
-2.391033462,-4.356411469,0
9.651785905,-1.558684681,0
-0.38307586,7.985167836,0
2.578931991,1.249473456,0
9.500232714,-2.742732248,0
2.94179836,-10.26634746,0
9.64080328,-1.679359453,0
-5.376086597,-2.207301974,0
6.859031005,5.631107114,0
-4.810570475,-10.14743102,0
0.360788703,-4.56831336,0
4.891286962,-9.240328739,0
9.251257905,1.413534645,0
4.140553727,-9.656506837,0
2.744422583,-2.894689318,0
1.89551295,-3.73927994,0
4.318905954,-9.564579647,0
-1.691593234,-10.92176715,0
1.892510283,-10.62187571,0
-0.116038759,7.985589801,0
3.894349194,7.509373772,0
8.884983269,2.75818558,0
1.352903312,7.919576091,0
9.479693885,0.943894584,0
1.874746616,-3.835620031,0
9.055902316,-3.612146645,0
-2.812321017,-4.340451343,0
-2.6863562,-10.82000088,0
8.838364866,3.002843718,0
2.890672261,1.060459372,0
-5.80492143,-1.343813574,0
-2.360316586,-10.90547629,0
9.099846052,2.248617555,0
3.307679231,0.033966869,0
-1.875807145,-10.94908728,0
-6.22582049,2.257567678,0
-4.135102496,-3.600360653,0
6.292929169,6.135217462,0
3.516163773,7.737062544,0
-0.677559002,-4.759499114,0
9.40799534,-2.416010527,0
3.195487463,0.30914745,0
-0.972401166,-10.90314237,0
0.892116648,-4.389969388,0
-4.197042293,5.848211037,0
8.891054463,2.628722839,0
-6.197948789,1.34115214,0
-1.731777435,7.557916658,0
-2.490321204,7.052616964,0
1.839391937,-3.817896347,0
-6.128369101,2.680443137,0
-2.991468725,6.900885131,0
5.367173739,6.73707443,0
3.457994333,-9.959078587,0
-4.953063206,4.819376344,0
9.635093231,-0.018270143,0
8.727228808,3.128872575,0
-2.856733366,-10.77404898,0
3.346639582,-0.55402668,0
9.425900397,0.152997703,0
-3.557743625,-3.983921881,0
9.501216794,-2.695412684,0
9.566005217,-1.543841088,0
7.810336202,-6.397997402,0
-0.842270813,-10.99073709,0
7.71387278,4.644749924,0
8.715805093,2.809753309,0
6.717032981,5.721992913,0
2.279433196,7.896312247,0
-0.89739673,-4.778821439,0
-5.300622875,-10.0583484,0
4.113373051,-9.824628588,0
6.877177302,-7.631867617,0
7.303760633,-7.154324687,0
-3.679152185,6.388340099,0
9.008294496,-4.097515959,0
3.95838994,7.36305173,0
8.825838644,2.965034399,0
7.636955222,-6.756223053,0
7.766054511,-6.504553057,0
0.877318907,8.019340194,0
-3.946059848,-10.62494973,0
-2.98846724,6.811470871,0
-5.550467573,4.173136361,0
2.354436656,-3.385824848,0
3.409715163,-1.272124148,0
-1.211280661,-10.99474183,0
8.534747584,-5.207143134,0
4.205315763,-9.594703517,0
-1.275748255,7.632226358,0
-5.475957756,-9.905085562,0
3.294010312,-0.423055503,0
-5.67455277,-9.854240634,0
-1.253833597,-4.702979119,0
9.225373748,-3.691939309,0
-1.648948478,-10.84427499,0
0.844986369,-10.78560767,0
3.00994701,7.817342961,0
4.553398558,-9.579222314,0
9.460280643,-1.631171217,0
3.763314177,7.531193299,0
0.750140201,-10.76105654,0
1.151142063,-10.67226663,0
0.251549616,-10.88046165,0
-1.739809604,-4.594741256,0
-5.221573671,-2.149328367,0
-2.927658573,6.83554714,0
-5.711208196,3.924079788,0
-5.261993166,-2.201162693,0
7.835408606,-6.496641475,0
-5.482035335,-1.824268523,0
6.116056692,-8.45373317,0
6.746662328,5.817468253,0
6.940560941,-7.515792863,0
-1.576349869,-10.87526641,0
9.145903977,-3.567193545,0
3.071097772,-2.498457791,0
-5.037941958,4.835474076,0
-5.772383288,3.392295346,0
0.803315377,7.938809668,0
-5.895005984,3.140523093,0
-1.416519472,-4.700304704,0
-5.944322177,2.865755225,0
5.8821579,-8.478332993,0
4.165504835,-9.746621353,0
6.492226257,6.008798575,0
6.609931913,5.890119041,0
-2.03899086,-10.89495403,0
-4.5372458,-3.154663807,0
6.992525558,-7.449298619,0
-4.145096243,5.974280635,0
9.088666135,2.318779739,0
9.53086335,-1.900813571,0
3.116084126,7.795214731,0
-3.087153055,-10.77821171,0
6.532396321,6.028578316,0
5.872994048,-8.507364914,0
7.452365872,-6.951241243,0
0.358604921,7.884602027,0
9.146815301,1.963734523,0
8.787005213,3.056732453,0
-5.52414185,-1.75105066,0
7.706001929,4.62533194,0
3.110319607,0.456354155,0
2.070502022,8.036804813,0
2.073949743,1.592220287,0
-4.222710397,-3.554151961,0
3.820809167,-9.873243955,0
2.164786199,-10.51751697,0
-5.024914879,4.886278184,0
2.503875053,-3.079069284,0
2.170405026,-3.655481226,0
-5.381992961,-2.108963107,0
9.360065203,-2.944479003,0
-5.471150951,4.065039698,0
1.544979716,8.000973782,0
3.076585885,7.812472256,0
-5.680182112,-1.410144453,0
4.957687906,7.083828679,0
-5.235826823,4.737918156,0
-6.218173511,1.280908695,0
7.174623627,-7.214175833,0
8.459270188,-5.506936848,0
-2.624673249,-10.79228793,0
9.49122471,-0.729635592,0
-2.832581452,-10.72221901,0
6.813871452,5.556843874,0
-3.308307222,6.734324304,0
9.39651692,-2.854841347,0
-5.446695227,-9.921436806,0
-1.591544584,-4.564311375,0
1.696390444,1.747231256,0
1.487030198,-4.086926444,0
5.690090146,6.602387948,0
4.663869239,7.133267844,0
9.656571325,-0.790269321,0
8.754138958,3.15387631,0
-6.168816951,2.026709736,0
2.532542108,-3.186265387,0
-0.933161497,-4.638771752,0
-5.50966291,-1.808091169,0
9.51279195,-0.774203789,0
-6.174173847,1.735067985,0
-4.175091912,-10.56334951,0
0.744253594,-10.91965513,0
-2.607431675,-4.424849468,0
1.106625429,-4.213173119,0
5.589560831,6.686712376,0
8.137331408,4.218167678,0
9.518802535,-1.754877529,0
-1.472512929,-10.86420888,0
8.881605397,2.61784622,0
-4.506538481,-3.106959292,0
7.784944509,-6.532630912,0
-1.336927825,-4.765582728,0
8.791923737,2.834059371,0
-5.601907779,-9.943777775,0
-1.128579376,7.747341225,0
-4.188768556,5.884762315,0
7.891585754,-6.543374724,0
-2.04880711,-10.79533526,0
-5.199996966,-2.378400292,0
-6.240580036,0.28047391,0
5.433644579,6.770255928,0
-0.764630749,-4.652961818,0
3.170507806,-10.28665293,0
-6.00411857,3.123262789,0
5.979411578,-8.44415178,0
2.844124802,-2.836702549,0
5.72834856,-8.564095262,0
-4.406573587,-10.39641496,0
9.471424183,0.143157607,0
-1.386501346,-4.62887763,0
7.095378533,5.372730447,0
9.358558931,1.141196854,0
-0.972966704,-4.792548694,0
-6.171981792,0.032952665,0
3.703941524,7.693132768,0
-0.562173585,7.923864664,0
6.145348415,6.130976149,0
-4.802075912,5.307214437,0
6.741201926,5.623880736,0
9.639024969,-1.319904554,0
5.022020551,6.881122977,0
8.551025794,3.487365919,0
9.525066836,0.185829104,0
1.288260721,-4.237541935,0
3.204049172,0.272510185,0
-5.981467082,-1.123818387,0
7.357046592,-7.120622056,0
9.554734888,-1.68377478,0
-2.371374688,-4.497128492,0
4.873600792,7.171273722,0
9.419268938,0.293891876,0
8.885383643,-4.768259969,0
3.063522043,7.825318641,0
-1.705367653,-4.642385219,0
6.302764707,-8.161299503,0
-1.739666764,7.446530348,0
9.566369995,0.175763353,0
-2.437345367,7.14571232,0
-4.7261855,5.441110392,0
9.295227186,1.206838672,0
3.158215869,0.440684558,0
-5.632469988,-1.523863616,0
4.538181395,-9.51380328,0
2.836093883,-10.18160554,0
6.314805915,6.128624178,0
7.422159242,5.192306043,0
-4.786086967,-2.838342567,0
0.976273814,7.934059839,0
8.696210897,3.214349606,0
-5.648779426,-1.880267335,0
9.562577079,0.303775319,0
-2.69955238,-4.320119135,0
1.214534086,-10.68823445,0
-5.586059575,-9.86207519,0
0.623258352,-10.93135939,0
-2.956721924,6.924320847,0
-4.579445632,-10.29328336,0
4.658684194,-9.469269181,0
4.841655932,-9.359340269,0
8.150318184,4.133875121,0
8.082882423,4.232446903,0
-1.837301018,7.32524277,0
8.127380164,4.027551737,0
-4.153466068,5.953373852,0
2.53176016,1.335204065,0
-6.040552567,2.594521095,0
-3.609112416,6.399372783,0
5.410753269,6.787229356,0
7.781918928,-6.588295,0
-0.814669535,7.694470252,0
-1.999866214,-10.8917119,0
8.609739726,-4.932706461,0
8.486148594,-5.428773045,0
-5.980985295,-0.443299796,0
4.514794093,7.20931286,0
3.28814197,-10.07834874,0
7.988166911,4.120267509,0
-4.760238279,5.23784001,0
3.044471568,0.432121626,0
7.14557368,5.458716592,0
-4.434909672,5.54561743,0
-5.069766398,4.998968907,0
9.336148701,-2.855630248,0
2.180299432,-3.579658581,0
7.916984439,-6.266319583,0
0.596952301,7.929641777,0
-0.570925278,-4.716066781,0
6.304909064,5.985575683,0
6.514005691,-7.988787111,0
-5.445252545,4.272286102,0
3.411744478,-0.674370028,0
2.98702756,7.818825643,0
-4.902586076,5.044463444,0
1.997792537,7.963743165,0
3.570886128,-9.959804397,0
7.705192927,-6.551149986,0
8.299400621,3.810443465,0
9.217232015,-3.439262659,0
0.413723669,8.025923312,0
2.664887018,-2.882465596,0
5.766097178,-8.661038007,0
0.75761862,-10.78487364,0
1.162871997,8.000930367,0
7.528384518,4.750055928,0
-2.734689799,-10.7181631,0
9.255364838,-3.148638448,0
-3.843601761,-10.55402327,0
-3.114968442,-10.76406248,0
-2.847127705,-10.70084544,0
-2.228976932,7.287353307,0
-5.986683441,2.675611596,0
9.102027149,1.995621068,0
-2.730336131,-4.312035687,0
9.449021873,0.38322092,0
-6.188429917,0.85872092,0
3.226559167,-10.17513122,0
-5.623388948,3.99268278,0
-4.776076883,-2.908601545,0
-4.793601813,-2.765678429,0
3.273924492,-0.376735648,0
-5.282032523,-9.943323425,0
3.363861249,-1.209726583,0
0.529308419,-10.8471333,0
-5.479867519,-1.972796648,0
-1.900317249,-4.553333918,0
-2.766552582,-4.350932778,0
7.057608519,-7.502111692,0
-4.67581174,-10.27522757,0
6.724326588,5.59792462,0
-0.179280541,-10.99440223,0
3.316726638,-10.13314785,0
0.807982774,-4.314583829,0
4.004727422,7.421053743,0
-3.877671774,-10.51571195,0
0.98722086,7.917153426,0
3.808013839,7.522731079,0
6.650966744,-7.89225415,0
5.276979194,-8.896885509,0
3.078858201,-10.21937989,0
3.094223055,-2.411150521,0
9.396862495,-2.942852454,0
-2.110746807,7.411206826,0
7.232834486,5.259167457,0
3.336574351,0.006556708,0
-2.201955928,-10.80092334,0
5.031297787,-9.123035847,0
8.255805825,-5.839539527,0
9.384505477,0.824796744,0
9.59188181,-0.966592406,0
3.198655149,-10.04878913,0
9.487462463,-0.416087868,0
-2.422803393,7.223193238,0
8.226185533,-5.782498471,0
8.079957306,3.94514195,0
-5.215456892,-2.229162793,0
-0.537429728,7.921160442,0
-5.602439799,-1.642193642,0
-5.763902544,3.598505501,0
9.263818276,-3.519568502,0
-1.514634226,7.520480264,0
2.640878522,-2.82401702,0
5.618992565,-8.736855847,0
9.215806124,1.517749173,0
9.132627919,-3.859270474,0
2.745713293,-10.27181642,0
8.824646515,-4.494544903,0
4.179686593,7.410596464,0
2.924556694,-10.23339483,0
2.756944489,-2.783425544,0
-5.742110683,3.869212463,0
8.070814146,-6.035570341,0
1.593203932,7.990837476,0
-4.52374752,-3.292872275,0
5.20961168,-9.068741319,0
9.489479947,-1.821100103,0
3.348039554,-1.611190333,0
9.124907139,2.263258618,0
8.991476202,2.488550621,0
1.204859601,-4.158064238,0
8.606678784,3.133530428,0
9.457550884,-2.725412398,0
0.89211463,-4.247121565,0
-1.355989099,-10.96302482,0
-3.043748996,-4.312427635,0
7.198604818,-7.202309693,0
-1.762036049,7.535723816,0
-2.563931085,-10.73252375,0
5.160863505,6.820821955,0
-5.727060273,-9.973209341,0
-1.471359833,-4.750090673,0
1.901771382,-10.68914127,0
1.243671039,-4.198239047,0
-0.969504504,-10.86626804,0
-2.245913056,7.233466512,0
9.634563332,-0.352959536,0
-6.126201914,-0.250166736,0
8.952822924,2.611855306,0
9.62006087,0.124960637,0
1.64108923,-3.92179467,0
8.131436057,4.062652025,0
-6.098548887,2.295838896,0
3.438027329,-10.06434803,0
6.802246012,-7.707397733,0
9.460084755,-1.647598671,0
-4.217199947,-3.579846047,0
3.972546078,7.536589514,0
0.009087206,-10.90415848,0
1.345577505,-4.095224068,0
3.442519568,-10.05207675,0
-4.559217357,-10.34644607,0
-5.428132372,-1.930076753,0
9.478675727,-0.603622195,0
9.095712226,-4.104339885,0
-2.062866385,7.358007354,0
-5.647345896,-1.618544088,0
7.035736915,-7.269527637,0
-1.865889859,-4.51528895,0
7.919370534,-6.159355953,0
-5.437622755,4.226947923,0
8.180094577,-5.875175256,0
2.531622888,1.172271319,0
-5.095868505,-2.592378983,0
2.757887693,1.032378795,0
-6.030423614,3.024469491,0
-4.313207761,5.660700182,0
8.65579328,-5.106970511,0
-2.792687115,-10.69660133,0
-6.254995652,1.502452011,0
-6.039424874,2.515587644,0
5.708679792,6.596526738,0
2.692492075,1.13125457,0
8.933571957,-4.24873743,0
-5.372501237,4.336942538,0
-4.212573829,-3.379735031,0
0.681739659,7.933405048,0
9.479850361,-2.885815249,0
8.273346435,4.077175175,0
9.453179049,-1.807125434,0
4.656146712,-9.470310548,0
9.237012911,-3.431138898,0
3.369630217,-1.216098591,0
8.643314345,3.182647168,0
1.729168419,7.95048046,0
-2.955825753,-10.71570015,0
7.770413605,-6.659743065,0
-4.733828407,5.141866203,0
0.63840409,-4.387563499,0
-4.341754879,5.701451591,0
8.706465846,3.09851634,0
-5.053878011,4.910154738,0
-5.358202621,4.395987752,0
3.132643079,-2.193033728,0
1.081875409,-4.34747717,0
-0.067962833,7.820685112,0
8.940497601,2.496819169,0
-2.433416956,-4.475472,0
3.450829633,-0.725942585,0
6.729051741,5.866461211,0
-6.284199944,1.624078498,0
-6.337333956,1.338901467,0
-0.228501999,-10.93651666,0
7.651326912,-6.64767823,0
-3.0556616,-4.158309699,0
6.433288502,-7.913497458,0
-5.2322499,-2.331585266,0
0.351064042,-10.86141047,0
6.426935132,6.134890354,0
-0.404578404,7.879090149,0
5.957686577,-8.463417943,0
1.087982108,-4.371126019,0
9.526073957,-0.081272712,0
0.084843672,-10.80878879,0
-0.338058376,7.827418989,0
1.238630895,-4.223640924,0
9.108846655,-3.893292397,0
2.785031161,7.784690855,0
6.467200582,5.993876127,0
6.253216589,-8.290670496,0
-4.710327489,-3.058594979,0
9.579104599,-1.314665403,0
3.862678046,7.519288229,0
-3.781998498,-3.824242636,0
6.201214678,6.181751659,0
-0.800521959,-4.687566933,0
4.407808304,7.298408006,0
-2.604108677,6.982920892,0
-5.388242711,-10.0220263,0
1.106926556,-10.74436079,0
-4.501694957,-3.273519736,0
-5.434431444,-1.880082763,0
8.444498459,-5.477428531,0
-6.320312597,1.188919624,0
0.362138733,7.991615148,0
2.641509124,-2.867329443,0
5.014690308,-9.113771406,0
1.670477342,-10.54576339,0
0.469737233,1.755967428,0
-1.176324646,7.764031118,0
-2.242336623,-10.80341888,0
-2.864015534,-10.86754019,0
8.543981334,3.356620673,0
2.032562486,-3.563970595,0
2.686746011,7.904748137,0
-5.769985218,3.345766314,0
3.23801301,7.637184653,0
9.555561109,-1.021890455,0
9.168549992,1.656482021,0
9.303993328,-2.706380015,0
8.259397107,3.72039536,0
8.865139525,-4.384176633,0
-4.773688354,5.255521465,0
-0.429636463,7.866506041,0
6.058364502,6.238682411,0
3.321983124,0.069710543,0
-3.409845099,-4.028419536,0
9.485063584,-2.010290349,0
2.689066221,7.858164284,0
9.096534339,2.285374148,0
0.199593453,8.013549275,0
-5.303540838,-9.989479477,0
-3.570706907,6.598749905,0
-3.600727091,6.343984445,0
-2.502342591,7.093967803,0
-4.704513032,-2.992312679,0
-6.269189924,0.851019601,0
8.247134213,-5.71179966,0
-2.266369652,7.320641924,0
1.981282366,-3.873111848,0
-6.183608448,1.744289669,0
-5.659216502,-1.580463489,0
1.919226999,1.631495083,0
9.102639171,-3.947377985,0
6.008713929,-8.31498798,0
2.051283597,1.64342861,0
9.187762591,-3.239257562,0
-3.530177957,6.557683551,0
-2.132756338,7.333052841,0
7.679736476,4.797952062,0
-2.072255276,7.210208557,0
8.746377259,-4.595783478,0
7.362052795,-6.934609884,0
1.401627617,-3.958148634,0
-0.975656291,7.7455958,0
-5.135099602,4.657760572,0
8.932040278,2.371405216,0
-0.480718493,-10.92536576,0
-4.773546173,-2.741259591,0
-3.954315275,-10.52082833,0
5.280404416,6.754981341,0
2.512261224,-3.344182083,0
9.15544289,1.80323415,0
8.620034817,3.300692474,0
6.179163659,-8.217872486,0
9.571107045,-0.121940104,0
8.220812942,4.098130898,0
8.474209416,3.419890975,0
-3.277516201,6.636628282,0
-1.942314115,-4.648153001,0
6.104570185,6.336605532,0
-6.016914058,2.938172159,0
8.494432958,-5.217173383,0
2.242404965,-10.58234763,0
-1.771934205,7.44003115,0
-2.669233486,-10.88805246,0
9.578830238,0.247326893,0
9.030439989,-3.997834453,0
6.462916746,-7.884189792,0
3.191091333,-1.968047556,0
-2.465285839,-4.46975786,0
9.590418737,0.00078538,0
-2.900238569,-4.273363982,0
8.382620715,3.736146669,0
9.615097632,-1.77226163,0
-5.521362155,-9.899021803,0
8.256683178,3.822972746,0
0.589011645,-10.81925062,0
0.231050774,-10.94181774,0
9.422215476,-2.474449492,0
-5.016289106,4.966497312,0
-1.674850132,-10.84001983,0
3.378503867,7.734660066,0
9.320746458,1.559691575,0
-5.153644202,4.63348033,0
8.793609342,2.721354158,0
9.223596797,-3.327684795,0
-4.762689633,-10.21314845,0
5.032133241,-9.04079085,0
0.370805257,-4.446487757,0
8.012513918,4.321728566,0
1.528338403,-3.959761238,0
5.905515329,-8.522734382,0
-2.312488798,-10.76108915,0
1.610395901,7.967449004,0
0.571358126,-10.74919472,0
1.482399258,8.080268314,0
0.860254579,7.94057422,0
8.269781064,3.925116199,0
-6.196574989,2.344056355,0
-3.795296369,-10.587587,0
-5.653394865,-9.816241052,0
-6.336077899,1.536391633,0
3.474571213,-10.01440433,0
6.086130153,-8.551226993,0
-0.081550042,-10.84815703,0
-6.113265994,-0.036806393,0
9.294805701,1.652608024,0
2.799723922,0.931425311,0
2.236973278,1.463224237,0
6.161492656,-8.438171535,0
1.607761919,-10.67977038,0
-5.91665487,3.451860055,0
9.305556542,0.968898215,0
2.608491474,7.834376124,0
6.104622497,-8.265077766,0
-5.299883099,4.532524117,0
-5.478512815,-2.05841215,0
7.82364052,4.588391641,0
9.594720135,0.302794319,0
4.001105542,-9.785995854,0
0.789699871,8.035843134,0
-4.689156084,-10.31160318,0
5.75944573,6.517325234,0
-5.981625033,3.165337325,0
9.155746207,2.003642818,0
-4.854215957,-10.22262231,0
6.720500516,-7.691334931,0
-4.608487242,-3.074272147,0
3.418580242,-1.274848299,0
9.115645379,-3.912894384,0
5.401394123,6.711114348,0
9.547590212,-0.860563397,0
-4.288100552,-10.30507714,0
-4.924293494,4.998426591,0
6.413238743,5.908578675,0
1.238567559,8.100403304,0
9.493898698,-0.710485953,0
4.655171458,-9.483238185,0
-5.04613482,-10.09546329,0
9.521821954,0.339668648,0
2.82518048,7.895476954,0
6.214098378,-8.31106929,0
8.224132376,-5.73699918,0
3.385504596,-0.004889804,0
-6.201535954,0.402753442,0
-6.202218479,0.888693874,0
-4.553490863,-3.065820951,0
2.109418481,1.555148656,0
-4.376099237,-3.371534277,0
8.296996303,-5.74926772,0
1.111972974,1.927816859,0
0.467627613,8.001185366,0
-6.13914673,0.299699358,0
9.04245218,-3.841395811,0
0.013140103,-4.5535263,0
-3.688470867,6.406008539,0
2.886106717,-10.1736705,0
9.562518399,-0.666724893,0
2.306246435,7.852215366,0
-5.909364472,-0.798996359,0
-2.301072868,-4.458032754,0
4.628966259,7.136353604,0
-2.19782599,7.321169588,0
6.113059804,-8.384616304,0
7.551410133,5.042121524,0
9.49939691,0.305024588,0
-6.187279659,0.689121443,0
-3.904495333,-10.57963691,0
-0.320327986,-10.99042213,0
2.759302268,-2.978376484,0
3.235917351,0.236708074,0
6.86547575,-7.633925204,0
-4.126751802,9.793153987,1
1.751082521,-7.352467743,1
-8.800785378,4.15061113,1
-7.372081564,-4.724488492,1
-9.119870272,-0.611244666,1
-3.121373519,0.310739991,1
-0.191134316,11.12109809,1
-0.330697456,-7.724781348,1
-6.148917407,-5.845317157,1
-2.856777448,2.471589634,1
-7.841169524,-4.1347377,1
5.740934198,10.26617193,1
6.458856805,-1.865832859,1
5.311683167,-4.651139573,1
3.876226821,10.79833061,1
2.648639978,10.94743189,1
4.33947166,-5.824736672,1
1.715754357,-7.41531667,1
-6.375784269,-5.712476919,1
2.116522066,11.01092048,1
4.833196499,-5.277591584,1
-3.547079218,10.17169528,1
-2.935511482,10.30138635,1
-1.57611558,10.91392465,1
-3.685621188,-7.331652616,1
-3.903573388,9.820675948,1
-6.051597748,8.351960686,1
-3.458531246,10.18882733,1
-9.322172326,1.82187119,1
6.461452498,-0.009480083,1
-3.426472488,10.21766623,1
6.45859463,-0.430370251,1
-3.557352616,-7.441903562,1
3.510033097,10.80570258,1
5.750219899,-3.742349126,1
-5.910895393,8.557863386,1
2.7004015,11.01746754,1
-2.842150589,2.633336011,1
6.291252626,0.21137372,1
-2.531860212,-7.671785227,1
2.225190916,-7.253625151,1
0.361884543,4.930479966,1
-3.031696166,0.326930639,1
6.547056083,-0.783332295,1
-8.82289983,4.17255472,1
-2.618732956,10.40797504,1
6.324134354,-2.112732759,1
5.067615761,3.085836136,1
-8.315099515,5.394795841,1
5.788063962,-3.973630412,1
6.352927437,-2.165715346,1
5.758575558,-3.800192815,1
4.120087636,10.66875343,1
5.110919132,-4.843891535,1
-3.168630425,0.938448673,1
3.255280572,-6.700726181,1
-1.886522748,3.758410327,1
-3.697687359,10.09953841,1
-2.112334388,3.512444715,1
0.228487396,11.06558528,1
-9.276496799,0.670576094,1
-6.495665505,8.105959722,1
-1.895146872,-7.772523913,1
-8.406541363,-2.949903241,1
-2.965419684,-0.243002164,1
-8.297948504,5.644577177,1
-8.513752256,4.849050397,1
-4.209630548,-7.136863144,1
-8.900539978,-1.73563824,1
0.234255549,11.05156739,1
-4.080827567,-7.099704622,1
-7.448165362,6.886365844,1
-2.741936564,-7.518899789,1
-6.242111049,-5.927255012,1
-0.304154394,11.11988617,1
-3.132205319,10.21293731,1
1.625094403,4.919592602,1
-8.904036788,-1.769897261,1
-6.948188061,7.617365106,1
4.455102763,10.58846063,1
-7.533770072,6.749600504,1
-3.258713921,-7.427719159,1
6.361953208,-0.424646904,1
-6.234282863,8.103847237,1
4.59670838,10.51503301,1
-3.009950633,-7.50663409,1
-9.11037198,-0.970772848,1
-5.090174554,-6.786883504,1
-0.895474844,4.468026613,1
-8.502649773,4.964759889,1
-8.188330779,-3.374857021,1
-3.869815985,-7.162507878,1
-7.694110463,6.685517978,1
0.198381569,4.736098248,1
-2.038781778,10.63164476,1
-8.686127755,4.510584396,1
-2.30404662,10.61362058,1
1.625443613,4.940691337,1
-8.07335935,5.930010512,1
2.327761085,4.66905638,1
1.989513642,4.764386688,1
-9.441053472,1.229404461,1
3.677594861,4.23578066,1
0.866640071,11.16769916,1
-5.418612056,8.940140377,1
-9.269824874,0.738646482,1
1.788004076,4.778444395,1
3.287437945,10.88778466,1
-0.446394804,-7.768577938,1
-1.955449641,3.739784971,1
6.373021746,-1.787502695,1
-1.654399201,3.93663164,1
-0.101333915,11.16838252,1
-1.561892575,10.82982187,1
-7.51321476,6.797639473,1
2.501009389,11.03340921,1
-8.719714434,4.727066001,1
-2.873665684,2.699749983,1
-0.091653405,4.829221971,1
-1.968480183,-1.41722206,1
-0.643712765,-1.689995374,1
3.080243849,-6.849397338,1
6.452412186,-0.738742796,1
-8.254930738,5.529233469,1
-1.331641961,10.88957508,1
-3.180368581,-7.526792562,1
-4.105566394,9.920322618,1
0.325379548,4.850302178,1
1.249828496,4.833814572,1
6.185681128,-2.867347808,1
-2.582602147,-0.791608648,1
-4.92291311,-6.684608772,1
-4.413833809,9.571251067,1
6.278161068,-2.696775898,1
-8.777568022,-2.302209761,1
2.671872123,11.08308588,1
5.520708431,10.15797775,1
-9.336469254,1.703387942,1
-7.394338778,-4.673702976,1
3.32144026,10.94518559,1
-6.428546953,-5.685228998,1
-2.425890547,3.132076415,1
-1.687895381,-1.44492258,1
-1.138568799,-1.693657413,1
6.096023288,1.247389026,1
-6.072986705,-5.851606214,1
-2.926629984,-0.167917204,1
3.014959624,4.589218239,1
5.70713111,-4.094363596,1
-9.300250169,1.861619687,1
-2.909951959,2.314855628,1
-1.502619138,-1.621302101,1
-9.080218179,3.742305327,1
-8.906618476,3.958034904,1
2.80083342,-6.729388557,1
4.101484354,-6.148146262,1
-8.129797879,-3.500450797,1
0.009941343,-7.870291654,1
5.638719097,-4.012551823,1
-8.465858182,-2.956799669,1
-8.756487507,-1.955005817,1
-3.568371143,-7.416311719,1
6.108808463,1.210631311,1
3.440306457,-6.571145442,1
-8.962313599,3.673672328,1
-7.572356364,6.681886884,1
-9.387202576,-0.150782674,1
-5.013723758,9.248921707,1
3.681485543,-6.303985211,1
0.071623469,4.733168789,1
-9.092306991,-1.377945472,1
-3.19338472,10.24180562,1
-4.84197444,9.4504481,1
3.774215073,4.046269818,1
1.133273603,-7.618469057,1
-9.106576445,3.325633124,1
1.247705698,11.10615663,1
-7.097648986,7.429217602,1
-7.141263179,-4.911737064,1
-8.58822479,-2.620838355,1
4.875128402,10.38555636,1
-6.019600223,-5.858843719,1
2.655234178,-6.876814469,1
-3.09385317,-7.42929807,1
-5.674269213,-6.166531089,1
-9.395630676,2.310898849,1
4.092693109,-5.995264664,1
-9.337080976,0.347521915,1
0.739289921,-7.599529606,1
-6.999185663,-5.05371335,1
-5.744098599,-6.23580231,1
-8.577040577,-2.860101441,1
-0.560719342,-7.876025743,1
6.438923141,0.125625611,1
-3.839945217,9.958064009,1
5.850259962,-3.475785889,1
3.062134665,10.88197337,1
-1.293686236,10.96270789,1
1.648606512,11.17135328,1
0.360668644,11.17567758,1
-5.854763412,-6.152835205,1
5.393399904,2.472278533,1
6.018690953,-3.059746631,1
-2.52539582,3.071887255,1
-4.611009976,9.536554683,1
-1.495180137,-1.659518907,1
5.254941319,10.34771053,1
5.295982603,2.808343855,1
-9.390470256,1.017904373,1
5.590448965,10.28696241,1
-3.553659834,-7.317888944,1
-3.535669439,-7.38014974,1
4.476802261,3.567093715,1
-8.939140466,-1.710052648,1
0.979066523,11.18256612,1
6.273192365,-2.234888071,1
4.567474878,-5.577327512,1
5.73146325,1.977457355,1
5.335027337,2.726216659,1
-9.290264788,1.776016627,1
-0.018948914,11.019842,1
-9.087391301,-0.83884234,1
-8.136890666,-3.506189519,1
5.049568184,2.923090746,1
4.507835501,10.61812714,1
-8.851844147,3.855962438,1
-1.064155424,4.362711011,1
5.131609293,-4.993778783,1
-9.088550243,-1.044583843,1
-2.099946954,10.67662317,1
-6.589221292,-5.49766456,1
-2.952335742,10.31143621,1
0.516795177,4.924597214,1
-4.506604603,-6.932340369,1
1.031250361,-7.54673505,1
-0.752246038,-7.8046289,1
3.587598991,-6.403727325,1
-7.69637488,-4.248768062,1
-6.550146222,7.977163878,1
0.226996379,-7.75552734,1
5.686838989,10.2057842,1
-1.278777701,10.92611438,1
1.415763602,-7.417212323,1
4.753165542,10.48303861,1
-7.620480011,-4.441427267,1
-1.89373409,10.78857802,1
4.820870702,-5.048888127,1
-0.643744206,-7.722249109,1
-7.48539476,6.652853937,1
4.63342283,10.48843807,1
-1.043296046,10.862455,1
-2.414457653,10.59449543,1
1.080381034,11.22741213,1
2.987416986,10.89437616,1
-9.159983102,2.99292704,1
-2.584220294,3.119780611,1
-3.607972068,10.12162734,1
-6.908461937,7.489001544,1
1.622114265,-7.439426944,1
-9.297898235,0.378567055,1
1.786982277,11.071873,1
1.918470232,4.752178675,1
3.577687392,10.96340096,1
3.931271091,3.995631506,1
-4.796808448,9.408253822,1
-3.960975021,9.824197218,1
-7.006642629,-5.109114806,1
-4.22587317,-7.209797595,1
-3.601263949,10.0714252,1
-2.866399008,10.44460539,1
-8.677267648,4.449935742,1
3.36748383,10.94713611,1
-3.211590213,1.201678529,1
-9.277028659,2.48153811,1
4.845707535,10.38838798,1
-7.497155909,6.879430381,1
-5.661750746,8.709846138,1
4.690659283,3.542307952,1
6.310741816,-2.022045287,1
-2.873626323,-0.493338084,1
6.456659872,0.254034167,1
0.638638823,-7.69399888,1
-4.181218093,-7.043720251,1
-3.897416952,9.804350386,1
6.110204759,-2.950834309,1
5.355148041,-4.490276233,1
-8.878425649,3.987445395,1
-4.2818751,9.699285053,1
-3.462967956,-7.504299239,1
-3.122334847,1.211742305,1
-8.300073329,5.757847983,1
-7.709380437,6.29987582,1
-2.468335183,-7.57631488,1
-8.01446951,-3.625212987,1
3.622762907,10.79329668,1
-2.594190901,2.989529479,1
1.10964718,4.922904511,1
0.594502006,4.896893138,1
-7.681626654,6.716115715,1
0.776801411,4.811401152,1
-5.083006958,-6.545231769,1
-5.965796529,-6.14221645,1
-2.793359663,-0.542862087,1
-8.647561207,4.958282719,1
-7.649896518,-4.271084371,1
-7.241435151,-4.708464892,1
-7.432942318,6.816236602,1
1.603905007,11.16876194,1
-7.520745439,-4.643422347,1
-4.838400563,-6.853070992,1
-0.954406153,10.97833341,1
4.357268432,10.71139162,1
6.428015846,-1.966477513,1
1.272476569,-7.447368439,1
-6.642158326,7.903756882,1
1.357287192,11.09975811,1
5.292452315,2.560700493,1
-7.170488252,-4.998650179,1
3.518613553,4.402920545,1
-2.396746054,10.51446581,1
-1.163924325,11.01587244,1
6.180630477,-2.314752264,1
-8.53393151,5.129515385,1
-3.705305015,-7.331178736,1
-0.959591804,4.516087274,1
-8.663348594,4.755185581,1
5.681074305,2.126791281,1
-2.884375289,-7.48778407,1
-7.083243328,7.419347666,1
0.425448701,-7.815673961,1
-1.66225421,-7.694261353,1
-8.238138522,5.465730152,1
4.461209932,10.73801834,1
-5.003304086,-6.749625163,1
-1.07414099,10.8575863,1
-7.916760533,6.271698769,1
-6.514026738,7.92454438,1
2.474034152,4.71153651,1
2.795381922,4.588585514,1
-2.857059562,-7.49913587,1
-2.185614611,10.61823289,1
4.848014485,3.364524579,1
-2.834816842,10.40621043,1
4.091416272,4.072821225,1
-2.490065227,3.139513999,1
-2.532885311,10.58349693,1
-3.25117595,0.606311818,1
0.941592595,-7.535797293,1
6.282424011,-2.085321562,1
6.50420643,-1.500807608,1
5.347137023,10.23410025,1
3.552815687,4.155703787,1
5.043646548,-4.827280527,1
-4.730188843,-6.922414235,1
5.794717577,1.860349524,1
-4.569452256,-6.828449921,1
5.936947042,1.710659425,1
-8.208231655,-3.472171105,1
-3.93848611,-7.298909508,1
3.163009216,-6.652420396,1
-6.790467992,-5.251407973,1
-4.462499391,-7.01499606,1
-6.426434583,8.083439273,1
-4.808082385,9.346387772,1
-0.317538066,-7.75113973,1
-8.506796286,4.990699631,1
-3.399914254,10.05560014,1
0.713235615,-7.712559639,1
-6.325086339,-5.699009456,1
0.73507433,11.21816022,1
-8.298150236,-3.156539961,1
5.075578346,10.45335602,1
-8.773198906,-2.135850291,1
-9.344842723,-0.473165892,1
-7.371866109,-4.605788905,1
-5.749911296,8.641491516,1
5.776227452,-3.855187168,1
-8.525397266,5.103186204,1
-2.547412787,3.151733381,1
4.069770576,10.71049376,1
3.236007398,10.87072736,1
-9.360447634,2.38052394,1
-7.822231129,-3.924503673,1
-0.960750345,-1.651364276,1
6.381586188,-2.108776208,1
2.98708445,-6.79537351,1
-8.969103406,-1.265211057,1
-8.926251983,-1.80984496,1
-3.667766327,-7.276047263,1
6.137378213,0.845647812,1
5.821313169,1.831084758,1
6.101696607,-2.818674705,1
4.883353461,10.5147834,1
-0.797142959,10.89212444,1
5.964688814,1.369457765,1
-3.670448708,-7.389378776,1
-2.068253559,-1.245394696,1
-8.623556602,-2.671062174,1
-2.358702948,10.59785095,1
-8.739195879,-2.267456688,1
2.589559008,-6.958437927,1
-2.554139816,10.57769678,1
6.211546125,-2.307173373,1
-0.521944392,-7.806392743,1
-5.049379571,-6.682661384,1
-9.184036062,2.54144494,1
-4.583761461,9.460401011,1
5.449272436,2.461836104,1
3.573076939,4.15294647,1
-4.171350461,9.695236573,1
-9.15267002,-1.11214769,1
-9.419918661,0.948778228,1
3.790969939,10.88664456,1
-9.315783431,0.875886004,1
6.428319992,-1.249562573,1
-1.937536973,10.77257339,1
-7.793262471,-3.950601457,1
-8.739071308,4.603102548,1
-1.925716818,3.940396992,1
6.187916087,-2.772684322,1
3.327733708,4.283869069,1
5.911745825,1.578970497,1
3.851137385,10.70071121,1
-9.156749531,2.947859529,1
5.786485007,-3.80586877,1
5.228837156,10.27212362,1
-9.329320676,1.864031543,1
-8.293605094,5.636441153,1
-2.562922705,10.38124277,1
-6.774809163,-5.382061798,1
4.802644588,3.408860801,1
6.206939872,-2.751341342,1
1.223593191,-7.594285726,1
-8.826838326,4.259281206,1
4.222600104,10.61469113,1
-2.757893281,2.91188452,1
-2.788567181,10.33276795,1
-1.792040567,3.910513694,1
-1.992273692,3.597243862,1
-8.158659401,-3.467026433,1
-2.118883667,10.66541618,1
-4.928867556,9.418713593,1
-8.672904771,4.469996391,1
1.013029585,-7.69823671,1
6.13881871,-2.918047744,1
-2.964053263,2.015499852,1
0.585985863,11.21871596,1
-1.046381476,-7.788078868,1
5.259656141,2.773945133,1
-0.398736939,-7.769484445,1
2.402055042,-6.997425261,1
-9.438039619,1.002644745,1
5.811480424,-3.55092077,1
0.412821504,11.09637834,1
5.961068087,-3.273058267,1
-9.206509461,-0.462833953,1
4.640963645,10.55048537,1
-9.062203377,-0.93117334,1
-1.191790577,10.94637343,1
-9.253985982,2.84309934,1
2.914033845,10.95695475,1
3.19062971,4.470736165,1
-1.26596484,4.32503092,1
5.805518059,1.813273453,1
-6.398312414,-5.678520162,1
5.581525555,2.27073816,1
-9.161383654,3.201691813,1
-8.875765243,-1.916198328,1
-8.755495898,-2.319515383,1
-2.271976211,-1.085531336,1
-6.490807563,7.943429637,1
1.744713532,4.897556819,1
2.413909639,11.01456874,1
-0.415978175,-7.819354527,1
-9.041671254,3.418288914,1
5.381480253,2.673256235,1
-4.692881901,9.579103019,1
-2.08098671,10.58191415,1
-2.890843728,-7.555908436,1
6.166940056,-2.524665948,1
3.197360726,10.88649503,1
1.684751673,-7.429057809,1
3.9132709,-5.974254224,1
6.510615684,-0.469204806,1
5.061312542,2.965054098,1
2.344747125,4.829217529,1
-5.564618209,8.857688519,1
-3.012278787,10.26577141,1
1.82013791,11.13617905,1
-0.406389464,-7.870202679,1
-2.546270442,-7.626913082,1
-4.017037666,-7.245943782,1
-0.168814955,-7.879149044,1
-4.185242611,9.633031409,1
-4.228406824,-7.092762617,1
-3.995814896,-7.174232793,1
-3.386921392,-7.39480123,1
-0.537603949,4.624301318,1
-3.17520003,1.104839021,1
1.167691258,-7.614543707,1
5.378386714,10.31055482,1
6.376190033,-0.732760718,1
-7.045976747,7.350549097,1
-9.334820075,1.133305273,1
3.205919885,-6.520423686,1
-6.870510456,-5.321036539,1
2.857300691,4.531447979,1
-0.170650452,11.11832474,1
4.949564848,10.50280739,1
-7.166110454,-4.998752506,1
-0.07714009,11.12683456,1
-6.304929844,-5.721388242,1
4.868640696,3.103422306,1
4.435485743,3.629651622,1
-1.421236471,10.8250568,1
5.874185699,-3.542011171,1
0.70897671,-7.739490234,1
5.320274067,2.6541241,1
-9.015950613,-1.620421707,1
-9.306151868,1.848494103,1
-8.132961437,-3.645148433,1
6.419284505,-1.461167002,1
-6.848274014,7.648856299,1
2.79824729,10.92156266,1
-3.126067306,1.230200826,1
1.540586452,11.21761409,1
2.431646753,-6.97657041,1
2.558691227,-7.057064467,1
4.254394941,10.78102332,1
1.84088322,11.0268486,1
-5.251464465,-6.606763448,1
-8.513090357,4.858860212,1
0.51265261,-7.690460492,1
6.319450203,-2.288820453,1
-5.741761859,-6.211689016,1
4.751319594,10.48790353,1
-2.97401945,10.29248052,1
2.925064557,-6.779859261,1
-8.18362695,-3.270907585,1
-5.931288772,8.670636986,1
-7.673093887,-4.422852751,1
5.813744765,-3.577578747,1
-5.964257465,8.542113802,1
0.707757991,-7.680766492,1
-8.073179648,5.800876547,1
-8.749767175,4.768750202,1
-1.657658827,10.75636548,1
-2.799052727,-0.375285054,1
-0.458791546,-7.706937627,1
-2.035851665,-7.715177361,1
-1.046052776,-7.876091548,1
-6.970533721,7.359080301,1
6.462835229,-0.995236785,1
-9.186520665,2.887113896,1
-3.25446736,0.839879402,1
-3.188615824,1.566763544,1
-9.436323139,0.435530527,1
-8.796127479,-1.947055314,1
-6.469468546,-5.720474431,1
-8.349674187,5.472609568,1
2.261584517,4.64827323,1
-0.592956141,4.556903038,1
-5.181506094,-6.723897708,1
-6.190721108,-5.889594719,1
-9.074098811,3.274335711,1
-7.818655209,-4.125801128,1
-0.894033702,-7.915978811,1
4.774801506,3.211924666,1
-5.206436505,8.994081725,1
-9.358794471,1.505638241,1
3.870998585,10.75902103,1
-8.546246891,-2.66135155,1
2.692322333,4.673198243,1
-4.140166778,-7.112884041,1
-2.256529961,10.65520277,1
-8.895979772,4.090447775,1
-1.354219919,-7.870904553,1
-0.57489366,4.707658184,1
-9.145963957,-1.378227877,1
-3.839870244,-7.25310019,1
-8.408757434,-2.828380814,1
5.656623744,2.200187722,1
-2.146782387,10.6445298,1
-3.871345237,-7.125943993,1
5.821775813,1.958326985,1
-8.922708225,4.081861191,1
-9.384238472,1.543596637,1
-9.180753917,-0.446715491,1
-4.893564553,9.474281465,1
-9.299100562,-0.10436757,1
-4.316806168,9.634812597,1
1.050778548,-7.475364582,1
-2.859152899,2.682017759,1
-8.319127448,-3.243867317,1
3.036509718,10.98483025,1
-9.375654232,1.851004856,1
-6.185362459,8.336022224,1
-6.315322173,-5.915847887,1
1.738357357,-7.300886296,1
-8.758915595,-2.366220439,1
-5.212071808,-6.517436695,1
-8.283809375,5.632286143,1
-8.541822798,-2.693582394,1
4.362073686,3.676018773,1
-7.800704936,-3.979256576,1
3.383972735,10.8035893,1
-9.264638424,2.50505454,1
5.460506112,2.52376805,1
-9.185016635,-0.257139975,1
4.270284033,-5.87773801,1
1.840318569,11.12682048,1
3.361117202,10.86467751,1
1.224792367,4.999660886,1
-6.8213928,7.491127221,1
-2.981626497,-7.489844023,1
-0.617420387,4.634823593,1
-5.310679817,9.088964995,1
-2.418469031,-7.717080085,1
-4.692938726,9.41997674,1
-7.158392954,7.160608567,1
6.313664583,-2.42972203,1
-1.70784261,10.70168593,1
2.013968703,11.07744528,1
5.330509473,2.521325612,1
-1.436772763,-7.748386541,1
-8.732909947,4.694440642,1
-9.243389794,-0.651326941,1
0.31298165,11.2103839,1
6.41138144,-0.494316747,1
-4.934166551,9.469506943,1
5.187238694,10.386775,1
-9.115125585,-1.041030646,1
0.978142383,11.04856567,1
-7.544907427,-4.363482537,1
-7.331871184,7.065792634,1
-4.102317357,9.816049961,1
-2.014099056,-7.696774074,1
-0.693994507,4.655685393,1
2.849222099,4.530315329,1
-1.879504344,10.69847827,1
-9.2976396,0.450914382,1
-5.221687999,-6.618914981,1
-6.297831824,-5.678314481,1
-2.153417955,3.511776039,1
2.150068713,4.840764064,1
-8.599081379,4.746129166,1
6.33510092,-0.004720274,1
-8.205581696,5.772826016,1
-8.502318126,-2.781191797,1
-8.420780391,5.40379329,1
6.490844645,-1.272574601,1
5.517219122,2.531057696,1
-9.350433341,1.983014217,1
6.442279956,0.241894614,1
-9.186489113,-0.415764568,1
-9.408851236,0.17059081,1
-0.753436878,11.06499958,1
5.738942213,-3.918124402,1
-6.55108915,7.881210521,1
-8.975134692,-1.443676736,1
2.947439636,-6.845653468,1
6.36477032,0.262576098,1
-5.966523723,-6.007947171,1
-0.810668476,-7.895361628,1
-4.136954981,9.720116095,1
-6.222936316,8.138384175,1
-1.184868831,10.93314939,1
4.200572847,-5.822193981,1
-0.903790675,10.9673483,1
-3.856465918,9.895994174,1
6.224700443,0.608976982,1
5.266909136,2.771140501,1
3.101904159,11.00928892,1
-8.255123369,-3.168597742,1
-8.676415382,-2.639832053,1
-1.989103196,3.71787636,1
-1.834750412,-1.487508467,1
-3.47859844,-7.379155462,1
5.587709719,2.212876876,1
-3.035699089,10.24997023,1
1.918405869,4.869523159,1
-8.491453101,-2.960491488,1
1.473249466,-7.404013603,1
5.060960837,10.50701914,1
6.470057389,-0.45689293,1
-7.652735161,6.471670287,1
4.190787592,10.76006817,1
-0.084487989,10.97584543,1
5.411203682,-4.405289815,1
0.321080873,-7.700305962,1
3.119572879,-6.683979085,1
5.823518138,-3.820629291,1
-9.358010852,0.524889899,1
-9.410835218,1.164915207,1
-4.408413102,9.557899093,1
-9.274663273,1.371622095,1
-7.310058688,7.059211204,1
-8.040310513,-3.918829356,1
-8.975791887,-1.368890076,1
4.506992048,10.67477817,1
-0.568716147,-7.796650189,1
3.30343397,4.330447091,1
-3.063395554,1.990790722,1
-2.488798276,-1.031871084,1
-7.764130541,-4.34384496,1
-9.133037064,3.563972926,1
-8.035664952,5.961713129,1
-3.220496965,0.602983265,1
-8.482870358,-2.926491848,1
5.569385082,10.08542045,1
4.435901894,10.55503736,1
-9.293917376,1.012426977,1
-5.874179175,8.745117632,1
-9.344097606,2.422040567,1
6.384975114,-0.193992485,1
-7.263389335,-4.920436517,1
0.629668772,-7.718034638,1
-7.925896066,6.125356508,1
-8.994812933,3.510676266,1
0.034137169,11.16536326,1
2.485905817,-7.104796624,1
-8.739597336,-2.37528993,1
-9.368440231,-0.006964106,1
3.346877676,10.91038098,1
-0.243593706,10.99677974,1
6.543568876,-0.341647481,1
-4.240781727,-7.105505203,1
6.356485414,-0.593783886,1
5.750961814,2.096671268,1
2.03433992,4.930416699,1
-4.035547065,9.717094391,1
3.012340998,-6.817878652,1
-7.305714122,7.067787664,1
-0.665212117,-7.869869392,1
-8.886685987,3.855209411,1
-8.076744963,5.86527847,1
1.027361386,-7.64144943,1
-3.137896952,-7.432727691,1
-3.571015819,-7.27751434,1
1.678196415,-7.4926631,1
-2.162880966,-1.097300127,1
3.827767714,4.034387108,1
-9.034023492,-1.610448176,1
-2.649474987,2.927405777,1
-2.357968239,-0.908512264,1
-4.427155727,-7.013680178,1
4.641794927,-5.428850973,1
-8.964628756,-1.995890554,1
6.442533967,-1.539347172,1
0.750389511,4.880945681,1
-8.524022084,5.185975545,1
4.300094888,-5.810698673,1
3.545377047,10.89263812,1
5.151439254,-4.767319405,1
-2.953120798,2.409133889,1
-2.448448913,-7.739340706,1
-7.358850267,-4.628800649,1
-5.042465181,9.296393306,1
-6.963975796,7.596570677,1
-6.438276027,7.959024251,1
-7.114467541,-4.832723789,1
6.493805586,-0.238031604,1
4.951682697,3.178176523,1
-2.216415275,3.442111567,1
-7.558931072,-4.361207853,1
0.647814992,-7.677902575,1
-3.807216298,-7.2838396,1
-3.261264795,1.064659055,1
-2.813436547,-0.534282538,1
-6.211604313,-5.811383531,1
6.180493205,1.094886335,1
-8.369341497,5.289704506,1
6.428563156,-0.662838069,1
1.358344705,11.1178987,1
-4.100090897,9.963933552,1
5.777737094,10.04712184,1
-0.033261775,11.08329332,1
-2.265246835,-7.687528378,1
-8.635696084,4.774136424,1
-9.375298909,1.881606168,1
-4.318405305,9.606078033,1
-7.825699497,6.474721484,1
-4.745641518,-6.833362356,1
-2.53131955,10.6303095,1
-2.116882033,10.61949003,1
-7.447074755,6.822966604,1
-2.774940443,-7.610543739,1
1.463490961,-7.546919518,1
6.546178878,-0.859039286,1
6.471866308,-0.573506977,1
-4.201644319,9.801964597,1
-3.258110924,0.650750667,1
-7.374246212,6.907681614,1
-5.730400483,-6.2410569,1
-0.852337593,-7.913620199,1
-2.017381587,10.66859547,1
0.690606006,-7.68825523,1
6.095094489,-2.88297427,1
-8.1161245,-3.580897507,1
3.393780711,-6.56226532,1
5.868011539,1.818739943,1
4.506097138,3.615865989,1
-9.357263323,-0.272101151,1
-7.85814806,6.356179024,1
-9.331019659,-0.407645993,1
-8.878791075,3.897874612,1
-3.076962776,0.580749885,1
5.941084775,1.501213817,1
-2.629542833,-7.545500542,1
5.364124234,10.3083843,1
-9.111351799,-1.207832609,1
0.297414021,4.78186705,1
-9.383944439,1.326425704,1
0.393492925,-7.68007019,1
-3.680417908,-7.237687355,1
5.611832051,-4.16961054,1
3.097622576,-6.642261167,1
-3.434237751,10.21911271,1
-8.49114391,-2.839576284,1
-2.402006458,-0.995702234,1
-8.049237051,5.898708349,1
-4.550581301,9.619003027,1
1.011361248,11.11411524,1
5.124790695,2.927451583,1
-6.184828116,-5.931253013,1
-0.677139597,10.97457034,1
-6.518963843,-5.552051461,1
-3.192130926,1.128799104,1
0.954771097,-7.624485931,1
-7.97273107,6.163930895,1
-6.926286632,7.489744602,1
-8.970619997,-1.787264593,1
6.37099684,-2.151393594,1
4.990699591,10.38599135,1
-1.337636345,-1.627778591,1
-2.156371159,-1.145829172,1
-1.81603094,10.67692227,1
0.174024969,11.12814204,1
1.605497492,-7.451117183,1
2.94675667,-6.809779517,1
-7.836418391,-3.888903911,1
4.073394192,3.805381816,1
-7.591768044,6.508968441,1
-9.353818578,2.162406807,1
-6.499846288,7.84288548,1
-6.583906021,7.81169462,1
-9.246591575,-0.000938135,1
5.991025774,1.303925424,1
6.395653426,-2.223034482,1
-0.953449933,10.89933003,1
-0.096706598,4.807134664,1
-4.893932135,9.398673221,1
-0.741775562,10.89860076,1
-9.456361179,1.07921965,1
-0.3806218,11.01408754,1
4.204318934,3.775745872,1
6.187863403,-3.011240821,1
-6.683117598,-5.515083401,1
1.570343852,-7.421737205,1
-9.038369353,3.517632304,1
1.917622616,4.877207654,1
3.123327678,10.84782203,1
2.849917671,4.589612934,1
6.374454771,-1.71696765,1
-9.047457297,-0.9158872,1
-4.434675475,-6.875052686,1
-9.407069162,0.083737719,1
-8.858090182,-2.072238866,1
6.156532143,-3.05071789,1
-7.626972061,6.650814326,1
4.145680136,-5.819317873,1
-0.640851286,-7.909400113,1
-3.054886629,2.283053187,1
-7.088471332,-5.003369497,1
4.129949529,3.793811048,1
-9.003157125,-1.383654361,1
3.945311123,-5.957152272,1
2.649302326,-6.901802208,1
-4.625112648,9.491341416,1
2.391258891,4.681570053,1
-8.051358769,-3.501649014,1
6.521941263,-0.468105101,1
0.441291556,-7.751906416,1
-9.375551926,0.508898201,1
-3.035778366,10.30783771,1
-2.607535592,2.797013001,1
3.441934157,4.320383248,1
-2.332229181,-0.982811007,1
-2.631797432,-0.729706369,1
4.68407456,-5.461506349,1
-9.26770279,0.147453741,1
-9.283421663,2.408557212,1
-9.381584294,-0.051003146,1
-2.340491288,3.322474528,1
-9.208125026,2.608956847,1
-2.740882428,-0.562736604,1
6.343533035,-2.454330138,1
-1.364107378,4.278087235,1
6.416039787,0.197222276,1
5.518055519,2.19139697,1
-4.095648002,9.878599176,1
-9.462310926,1.259565652,1
-7.334305597,7.173897826,1
1.917819771,11.13759952,1
-3.794354045,-7.269790101,1
-9.340994142,0.424497814,1
-1.7689757,-7.734214163,1
-0.1362824,11.09310636,1
6.16185942,-2.675141914,1
3.010174266,-6.679089539,1
5.835705321,-3.665032265,1
4.597113417,10.59891238,1
-4.116858806,9.746266922,1
6.41053124,-1.469779554,1
-0.233481556,11.13670338,1
6.099734903,1.014465544,1
2.237671038,4.825268827,1
2.960070436,4.555335711,1
-9.37047125,0.047537079,1
5.34133975,-4.568900793,1
1.295978934,11.19908638,1
-1.801261115,10.71510305,1
-0.142761265,-7.788997789,1
-1.330111387,10.83843381,1
4.198509787,10.68390635,1
6.403253517,-1.517417195,1
-8.972938889,-1.940577386,1
-8.57464844,4.7644085,1
-6.752064815,-5.392037407,1
-9.312307289,-0.713930814,1
-1.677187616,-7.689688935,1
0.85175361,-7.561502218,1
-4.234196413,-7.191707141,1
-0.483361054,-7.884626767,1
-6.376115942,-5.737666949,1
-1.764671413,3.902170774,1
-5.705370088,-6.261751361,1
-7.223518359,-4.822773933,1
-7.103858786,-5.104286634,1
-9.374197465,1.81192233,1
-2.473705928,-0.802907802,1
-1.991089192,-1.476353241,1
-1.206090975,10.86165747,1
1.149750993,11.09873083,1
-8.650576289,4.862332333,1
-3.025063383,0.0452922,1
-9.162615254,3.08467254,1
-5.267763943,9.050332207,1
-7.143920078,-5.05223465,1
-8.901312285,4.175165352,1
3.524759765,4.229398213,1
-0.976380976,-7.849696318,1
-6.073370264,-5.849102707,1
-9.366873278,0.948127184,1
-3.208188251,0.538199565,1
-4.410710294,9.566921941,1
-7.654797467,6.516147823,1
5.110899223,10.40036175,1
-7.369710203,-4.627431166,1
-0.814442027,-7.889947422,1
-5.219073767,-6.472321349,1
-4.26261896,-7.057189557,1
6.418333456,-1.837811441,1
-2.075325392,-1.359839928,1
6.462724911,0.244779334,1
5.383005305,-4.621329897,1
-3.426958292,10.15437849,1
-4.552021354,-6.841571373,1
-1.501635129,-7.713946796,1
1.533596552,11.20471115,1
-0.406859898,-7.716575763,1
6.040850111,-3.334802189,1
0.863653814,-7.509379409,1
-4.93873806,-6.738241711,1
6.419023549,-0.456595962,1
2.979322293,10.97422112,1
-3.245366251,-7.376155378,1
-9.305296604,-0.201415205,1
-7.575566281,-4.517056567,1
-8.426625171,5.211714546,1
-9.128640758,-0.698778201,1
-9.055287022,-1.122836224,1
-8.699034214,4.784109822,1
-7.487121941,-4.576826052,1
-1.403165519,10.86682382,1
5.662801429,2.05254805,1
-2.673883061,-0.669834375,1
4.194279888,3.806900499,1
4.237682757,10.70909346,1
-9.071392292,-1.691838786,1
-2.701391459,2.716615042,1
1.177848145,-7.509800758,1
-2.168965958,-7.809414809,1
5.311323661,10.2506495,1
-0.080408405,11.15178332,1
-3.213608111,1.543993502,1
5.577209939,2.359087116,1
-1.393598295,-7.876753999,1
-7.708971806,-4.29800246,1
4.610779097,10.62947734,1
